{
  "problem_sub":[6, 3, 3],
  "sub_frozen":[6, 3, 3],
  "problems":{
    "1":{
      "1":30,
      "2":10,
      "3":11,
      "4":17,
      "5":10,
      "6":22
    },
    "2":{
      "1":20,
      "2":45,
      "3":35
    },
    "3":{
      "1":50,
      "2":15,
      "3":35
    }
  },
  "users":{
    "1":{ 
      "username":"user1",
      "name":"Nguyen Van AA",
      "school":"School A",
      "last_submission":13,
      "problems":{
        "1":{
          "points":{
            "1":-1,
            "2":-1,
            "3":-1,
            "4":-1,
            "5":-1,
            "6":0
          },
          "frozen_points":{
            "1":0,
            "2":0,
            "3":0,
            "4":0,
            "5":0,
            "6":0
          }
        },
        "2":{
          "points":{
            "1":20,
            "2":1,
            "3":0
          },
          "frozen_points":{
            "1":20,
            "2":0,
            "3":0
          }
        },
        "3":{
          "points":{
            "1":30,
            "2":15,
            "3":0
          },
          "frozen_points":{
            "1":29,
            "2":0,
            "3":0
          }
        }
      }
    },
    "2":{ 
      "username":"user2",
      "name":"Nguyen Van AB",
      "school":"School B",
      "last_submission":37,
      "problems":{
        "1":{
          "points":{
            "1":-1,
            "2":-1,
            "3":-1,
            "4":-1,
            "5":-1,
            "6":0
          },
          "frozen_points":{
            "1":0,
            "2":4,
            "3":5,
            "4":0,
            "5":7,
            "6":0
          }
        },
        "2":{
          "points":{
            "1":0,
            "2":21,
            "3":35
          },
          "frozen_points":{
            "1":0,
            "2":1,
            "3":0
          }
        },
        "3":{
          "points":{
            "1":50,
            "2":15,
            "3":19
          },
          "frozen_points":{
            "1":45,
            "2":1,
            "3":1
          }
        }
      }
    },
    "3":{ 
      "username":"user3",
      "name":"Nguyen Van AC",
      "school":"School C",
      "last_submission":21,
      "problems":{
        "1":{
          "points":{
            "1":14,
            "2":7,
            "3":0,
            "4":17,
            "5":10,
            "6":22
          },
          "frozen_points":{
            "1":5,
            "2":5,
            "3":0,
            "4":1,
            "5":10,
            "6":4
          }
        },
        "3":{
          "points":{
            "1":-1,
            "2":15,
            "3":35
          },
          "frozen_points":{
            "1":50,
            "2":15,
            "3":35
          }
        }
      }
    },
    "4":{ 
      "username":"user4",
      "name":"Nguyen Van AD",
      "school":"School D",
      "last_submission":79,
      "problems":{
        "1":{
          "points":{
            "1":30,
            "2":10,
            "3":3,
            "4":17,
            "5":4,
            "6":10
          },
          "frozen_points":{
            "1":19,
            "2":8,
            "3":0,
            "4":17,
            "5":2,
            "6":7
          }
        },
        "2":{
          "points":{
            "1":20,
            "2":45,
            "3":35
          },
          "frozen_points":{
            "1":20,
            "2":45,
            "3":35
          }
        },
        "3":{
          "points":{
            "1":50,
            "2":15,
            "3":35
          },
          "frozen_points":{
            "1":50,
            "2":9,
            "3":11
          }
        }
      }
    },
    "5":{ 
      "username":"user5",
      "name":"Nguyen Van AE",
      "school":"School E",
      "last_submission":36,
      "problems":{
        "1":{
          "points":{
            "1":30,
            "2":7,
            "3":11,
            "4":17,
            "5":10,
            "6":1
          },
          "frozen_points":{
            "1":3,
            "2":7,
            "3":0,
            "4":1,
            "5":10,
            "6":0
          }
        },
        "2":{
          "points":{
            "1":20,
            "2":45,
            "3":0
          },
          "frozen_points":{
            "1":11,
            "2":0,
            "3":0
          }
        },
        "3":{
          "points":{
            "1":15,
            "2":15,
            "3":35
          },
          "frozen_points":{
            "1":3,
            "2":10,
            "3":15
          }
        }
      }
    },
    "6":{ 
      "username":"user6",
      "name":"Nguyen Van AF",
      "school":"School F",
      "last_submission":17,
      "problems":{
      }
    },
    "7":{ 
      "username":"user7",
      "name":"Nguyen Van AG",
      "school":"School G",
      "last_submission":91,
      "problems":{
        "1":{
          "points":{
            "1":28,
            "2":1,
            "3":11,
            "4":17,
            "5":6,
            "6":22
          },
          "frozen_points":{
            "1":7,
            "2":0,
            "3":1,
            "4":9,
            "5":1,
            "6":7
          }
        },
        "2":{
          "points":{
            "1":20,
            "2":45,
            "3":24
          },
          "frozen_points":{
            "1":20,
            "2":13,
            "3":0
          }
        },
        "3":{
          "points":{
            "1":29,
            "2":13,
            "3":35
          },
          "frozen_points":{
            "1":10,
            "2":0,
            "3":35
          }
        }
      }
    },
    "8":{ 
      "username":"user8",
      "name":"Nguyen Van AH",
      "school":"School H",
      "last_submission":60,
      "problems":{
      }
    },
    "9":{ 
      "username":"user9",
      "name":"Nguyen Van AI",
      "school":"School I",
      "last_submission":89,
      "problems":{
        "1":{
          "points":{
            "1":17,
            "2":10,
            "3":1,
            "4":17,
            "5":5,
            "6":13
          },
          "frozen_points":{
            "1":0,
            "2":10,
            "3":0,
            "4":3,
            "5":4,
            "6":11
          }
        }
      }
    },
    "10":{ 
      "username":"user10",
      "name":"Nguyen Van AJ",
      "school":"School J",
      "last_submission":10,
      "problems":{
        "1":{
          "points":{
            "1":30,
            "2":7,
            "3":5,
            "4":0,
            "5":7,
            "6":17
          },
          "frozen_points":{
            "1":12,
            "2":1,
            "3":0,
            "4":0,
            "5":3,
            "6":0
          }
        },
        "2":{
          "points":{
            "1":20,
            "2":45,
            "3":35
          },
          "frozen_points":{
            "1":20,
            "2":0,
            "3":35
          }
        },
        "3":{
          "points":{
            "1":50,
            "2":0,
            "3":35
          },
          "frozen_points":{
            "1":12,
            "2":0,
            "3":31
          }
        }
      }
    },
    "11":{ 
      "username":"user11",
      "name":"Nguyen Van AK",
      "school":"School K",
      "last_submission":61,
      "problems":{
        "1":{
          "points":{
            "1":30,
            "2":10,
            "3":11,
            "4":17,
            "5":10,
            "6":0
          },
          "frozen_points":{
            "1":26,
            "2":7,
            "3":0,
            "4":14,
            "5":2,
            "6":0
          }
        },
        "2":{
          "points":{
            "1":20,
            "2":45,
            "3":23
          },
          "frozen_points":{
            "1":12,
            "2":45,
            "3":1
          }
        }
      }
    },
    "12":{ 
      "username":"user12",
      "name":"Nguyen Van AL",
      "school":"School L",
      "last_submission":49,
      "problems":{
        "1":{
          "points":{
            "1":30,
            "2":10,
            "3":0,
            "4":17,
            "5":0,
            "6":1
          },
          "frozen_points":{
            "1":19,
            "2":1,
            "3":0,
            "4":10,
            "5":0,
            "6":0
          }
        }
      }
    }
  }
}
