[
    {
        "fields": {
            "about": "",
            "ace_theme": "github",
            "current_contest": null,
            "display_rank": "admin",
            "ip": "10.0.2.2",
            "language": 1,
            "last_access": "2017-12-02T08:57:10.093Z",
            "math_engine": "auto",
            "mute": false,
            "organizations": [
                1
            ],
            "performance_points": 0.0,
            "points": 0.0,
            "problem_count": 0,
            "rating": null,
            "timezone": "America/Toronto",
            "user": 1,
            "user_script": ""
        },
        "model": "judge.profile",
        "pk": 1
    },
    {
        "fields": {
            "date_joined": "2017-12-02T08:34:17.408Z",
            "email": "",
            "first_name": "",
            "groups": [

            ],
            "is_active": true,
            "is_staff": true,
            "is_superuser": true,
            "last_login": "2017-12-02T08:34:31.840Z",
            "last_name": "",
            "password": "pbkdf2_sha256$36000$eFRRZq4DgktS$md1gk0bBJb7PH/+3YEXkcCW8K+KmiI+y/amqR32G2DY=",
            "user_permissions": [

            ],
            "username": "admin"
        },
        "model": "auth.user",
        "pk": 1
    },
    {
        "fields": {
            "about": "This is a sample organization. You can use organizations to split up your user base, host private contests, and more.",
            "access_code": null,
            "admins": [
                1
            ],
            "creation_date": "2017-12-02T08:50:25.199Z",
            "is_open": true,
            "slug": "dmoj",
            "name": "DMOJ: Modern Online Judge",
            "registrant": 1,
            "short_name": "DMOJ",
            "slots": null
        },
        "model": "judge.organization",
        "pk": 1
    },
    {
        "fields": {
            "full_name": "Simple Math",
            "name": "Simple Math"
        },
        "model": "judge.problemtype",
        "pk": 1
    },
    {
        "fields": {
            "full_name": "Uncategorized",
            "name": "Uncategorized"
        },
        "model": "judge.problemgroup",
        "pk": 1
    },
    {
        "fields": {
            "ac_rate": 0.0,
            "allowed_languages": [
                3,
                4,
                5,
                6,
                2,
                7,
                1,
                8
            ],
            "authors": [
                1
            ],
            "banned_users": [

            ],
            "code": "aplusb",
            "curators": [

            ],
            "date": "2017-12-02T05:00:00Z",
            "description": "Tudor is sitting in math class, on his laptop. Clearly, he is not paying attention in this situation. However, he gets called on by his math teacher to do some problems. Since his math teacher did not expect much from Tudor, he only needs to do some simple addition problems. However, simple for you and I may not be simple for Tudor , so please help him!\n\n## Input Specification\n\nThe first line will contain an integer ~N~ (~1 \\le N \\le 100\\,000~), the number of addition problems Tudor needs to do. The next ~N~ lines will each contain two space-separated integers whose absolute value is less than ~1\\,000\\,000\\,000~, the two integers Tudor    needs to add.\n\n## Output Specification\n\nOutput ~N~ lines of one integer each, the solutions to the addition problems in order.\n\n## Sample Input\n\n        2\n        1 1\n        -1 0\n\n## Sample Output\n\n        2\n        -1",
            "group": 1,
            "is_manually_managed": false,
            "is_public": true,
            "license": null,
            "memory_limit": 65536,
            "name": "A Plus B",
            "og_image": "",
            "partial": true,
            "points": 5.0,
            "short_circuit": false,
            "summary": "",
            "testers": [

            ],
            "time_limit": 2.0,
            "types": [
                1
            ],
            "user_count": 0
        },
        "model": "judge.problem",
        "pk": 1
    },
    {
        "fields": {
            "authors": [
                1
            ],
            "content": "Welcome to DMOJ!\n\n```python\nprint \"Hello, World!\"\n```\n\nYou can get started by checking out [this problem we've added for you](/problem/aplusb).",
            "og_image": "",
            "publish_on": "2017-12-02T05:00:00Z",
            "slug": "first-post",
            "sticky": true,
            "summary": "",
            "title": "First Post",
            "visible": true
        },
        "model": "judge.blogpost",
        "pk": 1
    },
    {
        "fields": {
            "domain": "localhost:8000",
            "name": "LQDOJ"
        },
        "model": "sites.site",
        "pk": 1
    }
]
