[
    {
        "model": "judge.language",
        "pk": 1,
        "fields": {
            "key": "CPP03",
            "name": "C++03",
            "short_name": "C++03",
            "common_name": "C++",
            "ace": "c_cpp",
            "pygments": "cpp",
            "template": "#include <bits/stdc++.h>\r\n\r\nusing namespace std;\r\n\r\nint main() {\r\n    ios_base::sync_with_stdio(false);\r\n    cin.tie(NULL);\r\n    \r\n    return 0;\r\n}",
            "info": "",
            "description": "Compile options: `g++ -Wall -DONLINE_JUDGE -O2 -lm -fmax-errors=5 -march=native -s`",
            "extension": "cpp",
            "file_only": false,
            "file_size_limit": 0,
            "include_in_problem": true
        }
    },
    {
        "model": "judge.language",
        "pk": 2,
        "fields": {
            "key": "CPP11",
            "name": "C++11",
            "short_name": "C++11",
            "common_name": "C++",
            "ace": "c_cpp",
            "pygments": "cpp",
            "template": "#include <bits/stdc++.h>\r\n\r\nusing namespace std;\r\n\r\nint main() {\r\n    ios_base::sync_with_stdio(false);\r\n    cin.tie(NULL);\r\n    \r\n    return 0;\r\n}",
            "info": "",
            "description": "Compile options: `g++ -std=c++11 -Wall -DONLINE_JUDGE -O2 -lm -fmax-errors=5 -march=native -s`",
            "extension": "cpp",
            "file_only": false,
            "file_size_limit": 0,
            "include_in_problem": true
        }
    },
    {
        "model": "judge.language",
        "pk": 3,
        "fields": {
            "key": "CPP14",
            "name": "C++14",
            "short_name": "C++14",
            "common_name": "C++",
            "ace": "c_cpp",
            "pygments": "cpp",
            "template": "#include <bits/stdc++.h>\r\n\r\nusing namespace std;\r\n\r\nint main() {\r\n    ios_base::sync_with_stdio(false);\r\n    cin.tie(NULL);\r\n    \r\n    return 0;\r\n}",
            "info": "",
            "description": "Compile options: `g++ -std=c++14 -Wall -DONLINE_JUDGE -O2 -lm -fmax-errors=5 -march=native -s`",
            "extension": "cpp",
            "file_only": false,
            "file_size_limit": 0,
            "include_in_problem": true
        }
    },
    {
        "model": "judge.language",
        "pk": 4,
        "fields": {
            "key": "CPP17",
            "name": "C++17",
            "short_name": "C++17",
            "common_name": "C++",
            "ace": "c_cpp",
            "pygments": "cpp",
            "template": "#include <bits/stdc++.h>\r\n\r\nusing namespace std;\r\n\r\nint main() {\r\n    ios_base::sync_with_stdio(false);\r\n    cin.tie(NULL);\r\n    \r\n    return 0;\r\n}",
            "info": "",
            "description": "Compile options: `g++ -std=c++17 -Wall -DONLINE_JUDGE -O2 -lm -fmax-errors=5 -march=native -s`",
            "extension": "cpp",
            "file_only": false,
            "file_size_limit": 0,
            "include_in_problem": true
        }
    },
    {
        "model": "judge.language",
        "pk": 5,
        "fields": {
            "key": "C",
            "name": "C",
            "short_name": null,
            "common_name": "C",
            "ace": "c_cpp",
            "pygments": "c",
            "template": "#include <stdio.h>\r\n\r\nint main() {\r\n    return 0;\r\n}",
            "info": "",
            "description": "Compile options: `gcc -std=c99 -Wall -DONLINE_JUDGE -O2 -lm -fmax-errors=5 -march=native -s`",
            "extension": "c",
            "file_only": false,
            "file_size_limit": 0,
            "include_in_problem": true
        }
    },
    {
        "model": "judge.language",
        "pk": 6,
        "fields": {
            "key": "C11",
            "name": "C11",
            "short_name": null,
            "common_name": "C",
            "ace": "c_cpp",
            "pygments": "cpp",
            "template": "#include <stdio.h>\r\n\r\nint main() {\r\n    return 0;\r\n}",
            "info": "",
            "description": "Compile options: `gcc -std=c11 -Wall -DONLINE_JUDGE -O2 -lm -fmax-errors=5 -march=native -s`",
            "extension": "c",
            "file_only": false,
            "file_size_limit": 0,
            "include_in_problem": true
        }
    },
    {
        "model": "judge.language",
        "pk": 7,
        "fields": {
            "key": "PAS",
            "name": "Pascal",
            "short_name": null,
            "common_name": "Pascal",
            "ace": "pascal",
            "pygments": "pascal",
            "template": "",
            "info": "",
            "description": "Compile options: `fpc -Fe/dev/stderr -O2`",
            "extension": "pas",
            "file_only": false,
            "file_size_limit": 0,
            "include_in_problem": true
        }
    },
    {
        "model": "judge.language",
        "pk": 8,
        "fields": {
            "key": "PY2",
            "name": "Python 2",
            "short_name": null,
            "common_name": "Python",
            "ace": "python",
            "pygments": "python",
            "template": "",
            "info": "",
            "description": "Compile options: `python -m compileall -q`",
            "extension": "py",
            "file_only": false,
            "file_size_limit": 0,
            "include_in_problem": true
        }
    },
    {
        "model": "judge.language",
        "pk": 9,
        "fields": {
            "key": "PY3",
            "name": "Python 3",
            "short_name": null,
            "common_name": "Python",
            "ace": "python",
            "pygments": "python3",
            "template": "",
            "info": "",
            "description": "Compile options: `python3 -m compileall -q`",
            "extension": "py",
            "file_only": false,
            "file_size_limit": 0,
            "include_in_problem": true
        }
    },
    {
        "model": "judge.language",
        "pk": 10,
        "fields": {
            "key": "JAVA8",
            "name": "Java 8",
            "short_name": null,
            "common_name": "Java",
            "ace": "java",
            "pygments": "java",
            "template": "import java.io.*;\r\nimport java.util.*;\r\n\r\npublic class Main {\r\n    public static void main(String[] args) {\r\n\r\n    }\r\n}",
            "info": "",
            "description": "Compile options: `javac8 -encoding UTF-8 -profile compact1`",
            "extension": "java",
            "file_only": false,
            "file_size_limit": 0,
            "include_in_problem": true
        }
    },
    {
        "model": "judge.language",
        "pk": 11,
        "fields": {
            "key": "TEXT",
            "name": "TEXT",
            "short_name": "TEXT",
            "common_name": "TEXT",
            "ace": "text",
            "pygments": "text",
            "template": "",
            "info": "",
            "description": "Run options: `cat`",
            "extension": "txt",
            "file_only": false,
            "file_size_limit": 0,
            "include_in_problem": false
        }
    },
    {
        "model": "judge.language",
        "pk": 12,
        "fields": {
            "key": "SCRATCH",
            "name": "Scratch",
            "short_name": null,
            "common_name": "Scratch",
            "ace": "text",
            "pygments": "text",
            "template": "",
            "info": "",
            "description": "Check options: `scratch-run --check`",
            "extension": "sb3",
            "file_only": true,
            "file_size_limit": 1,
            "include_in_problem": true
        }
    },
    {
        "model": "judge.language",
        "pk": 13,
        "fields": {
            "key": "OUTPUT",
            "name": "Output Only",
            "short_name": null,
            "common_name": "Output Only",
            "ace": "text",
            "pygments": "text",
            "template": "",
            "info": "",
            "description": "",
            "extension": "zip",
            "file_only": true,
            "file_size_limit": 10,
            "include_in_problem": false
        }
    },
    {
        "model": "judge.language",
        "pk": 14,
        "fields": {
            "key": "CPP20",
            "name": "C++20",
            "short_name": "C++20",
            "common_name": "C++",
            "ace": "c_cpp",
            "pygments": "cpp",
            "template": "#include <bits/stdc++.h>\r\n\r\nusing namespace std;\r\n\r\nint main() {\r\n    ios_base::sync_with_stdio(false);\r\n    cin.tie(NULL);\r\n    \r\n    return 0;\r\n}",
            "info": "",
            "description": "Compile options: `g++ -std=c++20 -Wall -DONLINE_JUDGE -O2 -lm -fmax-errors=5 -march=native -s`",
            "extension": "cpp",
            "file_only": false,
            "file_size_limit": 0,
            "include_in_problem": true
        }
    },
    {
        "model": "judge.language",
        "pk": 15,
        "fields": {
            "key": "KOTLIN",
            "name": "Kotlin",
            "short_name": null,
            "common_name": "Kotlin",
            "ace": "kotlin",
            "pygments": "kotlin",
            "template": "",
            "info": "",
            "description": "Compile options: `kotlinc -include-runtime`",
            "extension": "kt",
            "file_only": false,
            "file_size_limit": 0,
            "include_in_problem": true
        }
    },
    {
        "model": "judge.language",
        "pk": 16,
        "fields": {
            "key": "PYPY",
            "name": "PyPy 2",
            "short_name": "PYPY2",
            "common_name": "PyPy",
            "ace": "python",
            "pygments": "python",
            "template": "",
            "info": "",
            "description": "Compile options: `pypy -m compileall -q`",
            "extension": "py",
            "file_only": false,
            "file_size_limit": 0,
            "include_in_problem": true
        }
    },
    {
        "model": "judge.language",
        "pk": 17,
        "fields": {
            "key": "PYPY3",
            "name": "PyPy 3",
            "short_name": null,
            "common_name": "PyPy",
            "ace": "python",
            "pygments": "python",
            "template": "",
            "info": "",
            "description": "Compile options: `pypy3 -m compileall -q`",
            "extension": "py",
            "file_only": false,
            "file_size_limit": 0,
            "include_in_problem": true
        }
    },
    {
        "model": "judge.language",
        "pk": 18,
        "fields": {
            "key": "JAVA",
            "name": "Java 19",
            "short_name": null,
            "common_name": "Java",
            "ace": "java",
            "pygments": "java",
            "template": "import java.io.*;\r\nimport java.util.*;\r\n\r\npublic class Main {\r\n    public static void main(String[] args) {\r\n\r\n    }\r\n}",
            "info": "",
            "description": "Compile options: `javac19 -encoding UTF-8`",
            "extension": "java",
            "file_only": false,
            "file_size_limit": 0,
            "include_in_problem": true
        }
    }
]
